<Configuration>
<Add OfficeClientEdition="64" Channel="Monthly">
    <Product ID="Standard2019Retail">
      <Language ID="pt-BR" />
      <ExcludeApp ID="Groove" />
      <ExcludeApp ID="OneDrive" />
    </Product>
    <Product ID="ProjectStd2019Retail">
      <Language ID="pt-BR" />
      <ExcludeApp ID="OneDrive" />
    </Product>
    <Product ID="VisioStd2019Retail">
      <Language ID="pt-BR" />
      <ExcludeApp ID="OneDrive" />
    </Product>
</Add>
<Display Level="Full" AcceptEULA="TRUE" />
<Updates Enabled="TRUE" Channel="Monthly" />
</Configuration>
<!--  OInstallSetting Branch=6  -->
<!--  OInstallSetting Office=0  -->
<!--  OInstallSetting Arch=1  -->
<!--  OInstallSetting Redact=2  -->
<!--  OInstallSetting Product=0  -->
<!--  OInstallSetting OnlineKMS=1  -->
<!--  OInstallSetting PATH=  -->
<!--  OInstallSetting Lang27=1  -->
